Year,Age,Population
1950,0,3162567
1950,1,3299863
1950,2,3450042
1950,3,3771883
1950,4,2725600
1950,5,2714560
1950,6,2755636
1950,7,2932959
1950,8,2569056
1950,9,2402326
1950,10,2325360
1950,11,2292510
1950,12,2265018
1950,13,2166039
1950,14,2163732
1950,15,2132602
1950,16,2055407
1950,17,2091956
1950,18,2164344
1950,19,2231096
1950,20,2258243
1950,21,2293186
1950,22,2324914
1950,23,2391008
1950,24,2413041
1950,25,2437842
1950,26,2494150
1950,27,2515690
1950,28,2455939
1950,29,2457975
1950,30,2416372
1950,31,2350474
1950,32,2296579
1950,33,2305591
1950,34,2305161
1950,35,2296670
1950,36,2302269
1950,37,2286825
1950,38,2257573
1950,39,2203312
1950,40,2146026
1950,41,2108459
1950,42,2061284
1950,43,2010872
1950,44,1963179
1950,45,1920595
1950,46,1861858
1950,47,1823655
1950,48,1792824
1950,49,1743067
1950,50,1730428
1950,51,1705308
1950,52,1668072
1950,53,1623091
1950,54,1584046
1950,55,1544901
1950,56,1499706
1950,57,1456723
1950,58,1419461
1950,59,1372293
1950,60,1308533
1950,61,1261628
1950,62,1219039
1950,63,1176591
1950,64,1137232
1950,65,1102643
1950,66,1068359
1950,67,1025449
1950,68,959546
1950,69,892792
1950,70,820399
1950,71,748822
1950,72,678081
1950,73,624363
1950,74,572323
1950,75,526042
1950,76,475302
1950,77,427724
1950,78,384529
1950,79,341701
1950,80,301331
1950,81,264897
1950,82,228777
1950,83,197083
1950,84,167401
1950,85,589612
1951,0,3315027
1951,1,3306360
1951,2,3458209
1951,3,3495214
1951,4,3758637
1951,5,2673394
1951,6,2720557
1951,7,2777810
1951,8,2919475
1951,9,2576394
1951,10,2447996
1951,11,2324584
1951,12,2294245
1951,13,2263382
1951,14,2169776
1951,15,2110824
1951,16,2155565
1951,17,2062072
1951,18,2085366
1951,19,2143533
1951,20,2226752
1951,21,2285116
1951,22,2258475
1951,23,2384385
1951,24,2397456
1951,25,2382044
1951,26,2485281
1951,27,2550054
1951,28,2388417
1951,29,2489071
1951,30,2501511
1951,31,2406926
1951,32,2296222
1951,33,2346510
1951,34,2343344
1951,35,2301006
1951,36,2318955
1951,37,2308762
1951,38,2294968
1951,39,2238493
1951,40,2152206
1951,41,2137402
1951,42,2107882
1951,43,2053470
1951,44,2000532
1951,45,1973176
1951,46,1896650
1951,47,1865352
1951,48,1846607
1951,49,1731205
1951,50,1739683
1951,51,1736590
1951,52,1685405
1951,53,1616865
1951,54,1585288
1951,55,1562796
1951,56,1513994
1951,57,1473791
1951,58,1466950
1951,59,1431170
1951,60,1327936
1951,61,1283071
1951,62,1259031
1951,63,1210922
1951,64,1155186
1951,65,1122337
1951,66,1094587
1951,67,1061328
1951,68,984827
1951,69,925655
1951,70,849494
1951,71,776796
1951,72,694919
1951,73,644857
1951,74,586650
1951,75,547875
1951,76,495619
1951,77,443320
1951,78,401306
1951,79,355965
1951,80,310899
1951,81,274292
1951,82,233122
1951,83,200470
1951,84,170539
1951,85,627704
1952,0,3429237
1952,1,3450008
1952,2,3447304
1952,3,3497803
1952,4,3487906
1952,5,3697873
1952,6,2678521
1952,7,2743435
1952,8,2764331
1952,9,2926644
1952,10,2623103
1952,11,2448869
1952,12,2327720
1952,13,2290686
1952,14,2271955
1952,15,2121429
1952,16,2128050
1952,17,2163113
1952,18,2058190
1952,19,2064397
1952,20,2140294
1952,21,2252033
1952,22,2254917
1952,23,2313831
1952,24,2389011
1952,25,2368562
1952,26,2430840
1952,27,2539590
1952,28,2433957
1952,29,2414400
1952,30,2530686
1952,31,2498967
1952,32,2356367
1952,33,2345235
1952,34,2383137
1952,35,2336914
1952,36,2322823
1952,37,2329787
1952,38,2306547
1952,39,2276059
1952,40,2196027
1952,41,2145206
1952,42,2131833
1952,43,2101458
1952,44,2046150
1952,45,2008515
1952,46,1951101
1952,47,1899084
1952,48,1886424
1952,49,1788803
1952,50,1723153
1952,51,1741462
1952,52,1716856
1952,53,1637802
1952,54,1581823
1952,55,1566919
1952,56,1534245
1952,57,1490847
1952,58,1484062
1952,59,1470910
1952,60,1385931
1952,61,1302807
1952,62,1277776
1952,63,1247344
1952,64,1188280
1952,65,1139636
1952,66,1112306
1952,67,1084556
1952,68,1021860
1952,69,952558
1952,70,881190
1952,71,804974
1952,72,724682
1952,73,661775
1952,74,606084
1952,75,559772
1952,76,516011
1952,77,463196
1952,78,414946
1952,79,371448
1952,80,323884
1952,81,282444
1952,82,240744
1952,83,203506
1952,84,172672
1952,85,665147
1953,0,3546301
1953,1,3548477
1953,2,3574323
1953,3,3477405
1953,4,3491830
1953,5,3439101
1953,6,3699058
1953,7,2699180
1953,8,2726494
1953,9,2768580
1953,10,2974006
1953,11,2623543
1953,12,2451326
1953,13,2320100
1953,14,2302026
1953,15,2223638
1953,16,2131213
1953,17,2134566
1953,18,2159585
1953,19,2034765
1953,20,2059911
1953,21,2160664
1953,22,2223594
1953,23,2304737
1953,24,2313239
1953,25,2358201
1953,26,2414901
1953,27,2477356
1953,28,2432040
1953,29,2449315
1953,30,2447966
1953,31,2531563
1953,32,2448242
1953,33,2402883
1953,34,2377540
1953,35,2371899
1953,36,2356096
1953,37,2335651
1953,38,2314771
1953,39,2285831
1953,40,2240392
1953,41,2188562
1953,42,2132547
1953,43,2124780
1953,44,2095250
1953,45,2050027
1953,46,1986586
1953,47,1950647
1953,48,1916269
1953,49,1831607
1953,50,1774906
1953,51,1719360
1953,52,1721237
1953,53,1672117
1953,54,1604742
1953,55,1565919
1953,56,1540543
1953,57,1513668
1953,58,1500969
1953,59,1479280
1953,60,1424970
1953,61,1360993
1953,62,1294512
1953,63,1262015
1953,64,1223318
1953,65,1172152
1953,66,1127640
1953,67,1099179
1953,68,1046629
1953,69,991651
1953,70,906930
1953,71,835573
1953,72,754659
1953,73,691543
1953,74,621918
1953,75,576873
1953,76,526573
1953,77,483490
1953,78,433207
1953,79,384086
1953,80,338508
1953,81,294477
1953,82,247375
1953,83,209833
1953,84,174145
1953,85,700618
1954,0,3670654
1954,1,3653661
1954,2,3656495
1954,3,3599983
1954,4,3476664
1954,5,3453939
1954,6,3439355
1954,7,3727076
1954,8,2681218
1954,9,2730119
1954,10,2811166
1954,11,2975880
1954,12,2627071
1954,13,2440657
1954,14,2335904
1954,15,2257092
1954,16,2227465
1954,17,2138662
1954,18,2135040
1954,19,2135882
1954,20,2033130
1954,21,2080459
1954,22,2140366
1954,23,2273536
1954,24,2304924
1954,25,2286831
1954,26,2407547
1954,27,2460279
1954,28,2386122
1954,29,2441590
1954,30,2481660
1954,31,2456844
1954,32,2486547
1954,33,2496921
1954,34,2435687
1954,35,2365843
1954,36,2392378
1954,37,2375045
1954,38,2311547
1954,39,2295945
1954,40,2261167
1954,41,2236059
1954,42,2172140
1954,43,2128286
1954,44,2123055
1954,45,2098128
1954,46,2031448
1954,47,1986117
1954,48,1967095
1954,49,1867702
1954,50,1814252
1954,51,1768402
1954,52,1701137
1954,53,1682261
1954,54,1643274
1954,55,1593667
1954,56,1544001
1954,57,1524815
1954,58,1526042
1954,59,1489617
1954,60,1435218
1954,61,1402234
1954,62,1351998
1954,63,1276387
1954,64,1238339
1954,65,1208291
1954,66,1159956
1954,67,1112897
1954,68,1064430
1954,69,1019929
1954,70,946111
1954,71,861463
1954,72,788354
1954,73,722642
1954,74,651585
1954,75,591388
1954,76,543531
1954,77,495142
1954,78,453080
1954,79,402708
1954,80,351569
1954,81,309400
1954,82,258980
1954,83,216216
1954,84,179705
1954,85,738452
1955,0,3777404
1955,1,3764469
1955,2,3744444
1955,3,3676466
1955,4,3603530
1955,5,3449161
1955,6,3452324
1955,7,3465773
1955,8,3698230
1955,9,2683429
1955,10,2769205
1955,11,2814443
1955,12,2980158
1955,13,2612448
1955,14,2461584
1955,15,2294550
1955,16,2254733
1955,17,2235977
1955,18,2142406
1955,19,2111504
1955,20,2135741
1955,21,2052912
1955,22,2065719
1955,23,2186847
1955,24,2272449
1955,25,2279892
1955,26,2335789
1955,27,2449896
1955,28,2381075
1955,29,2387915
1955,30,2470040
1955,31,2496671
1955,32,2417837
1955,33,2534395
1955,34,2528720
1955,35,2421307
1955,36,2385690
1955,37,2416193
1955,38,2339986
1955,39,2293467
1955,40,2281314
1955,41,2258974
1955,42,2214696
1955,43,2169826
1955,44,2130086
1955,45,2123773
1955,46,2082012
1955,47,2029956
1955,48,2000462
1955,49,1923642
1955,50,1845729
1955,51,1803755
1955,52,1750976
1955,53,1667258
1955,54,1656852
1955,55,1636072
1955,56,1574959
1955,57,1531865
1955,58,1537925
1955,59,1506930
1955,60,1446324
1955,61,1413664
1955,62,1391249
1955,63,1330549
1955,64,1252105
1955,65,1223262
1955,66,1194738
1955,67,1142541
1955,68,1080208
1955,69,1040011
1955,70,973290
1955,71,899494
1955,72,816386
1955,73,756238
1955,74,681157
1955,75,618233
1955,76,556252
1955,77,511619
1955,78,462459
1955,79,421232
1955,80,368972
1955,81,321134
1955,82,271953
1955,83,226309
1955,84,184365
1955,85,775617
1956,0,3860003
1956,1,3857934
1956,2,3839092
1956,3,3759958
1956,4,3686410
1956,5,3587147
1956,6,3447168
1956,7,3480478
1956,8,3438169
1956,9,3699221
1956,10,2719985
1956,11,2774962
1956,12,2820730
1956,13,2961160
1956,14,2640702
1956,15,2423680
1956,16,2287083
1956,17,2265473
1956,18,2244273
1956,19,2119953
1956,20,2114781
1956,21,2157495
1956,22,2044985
1956,23,2111474
1956,24,2187004
1956,25,2251515
1956,26,2332479
1956,27,2376674
1956,28,2384752
1956,29,2377271
1956,30,2413901
1956,31,2492691
1956,32,2462517
1956,33,2464261
1956,34,2565674
1956,35,2512341
1956,36,2441990
1956,37,2414743
1956,38,2370532
1956,39,2323075
1956,40,2289541
1956,41,2281709
1956,42,2233007
1956,43,2214657
1956,44,2175605
1956,45,2128724
1956,46,2110423
1956,47,2079532
1956,48,2042257
1956,49,1962889
1956,50,1896811
1956,51,1831199
1956,52,1787340
1956,53,1721462
1956,54,1645282
1956,55,1653083
1956,56,1620064
1956,57,1565753
1956,58,1544679
1956,59,1510043
1956,60,1463365
1956,61,1425006
1956,62,1399337
1956,63,1365289
1956,64,1304579
1956,65,1235999
1956,66,1207122
1956,67,1173570
1956,68,1111188
1956,69,1057235
1956,70,991438
1956,71,924740
1956,72,855929
1956,73,783343
1956,74,712341
1956,75,643966
1956,76,580409
1956,77,522902
1956,78,475657
1956,79,428091
1956,80,385155
1956,81,336042
1956,82,280499
1956,83,236421
1956,84,191237
1956,85,804375
1957,0,4035155
1957,1,3923917
1957,2,3912759
1957,3,3847648
1957,4,3774329
1957,5,3679934
1957,6,3582421
1957,7,3474852
1957,8,3449670
1957,9,3437541
1957,10,3742297
1957,11,2726273
1957,12,2781183
1957,13,2798675
1957,14,2996847
1957,15,2603159
1957,16,2407100
1957,17,2296166
1957,18,2274288
1957,19,2217436
1957,20,2122410
1957,21,2133334
1957,22,2151036
1957,23,2087107
1957,24,2109080
1957,25,2167481
1957,26,2303937
1957,27,2370125
1957,28,2325111
1957,29,2373166
1957,30,2399249
1957,31,2441863
1957,32,2462482
1957,33,2507964
1957,34,2492400
1957,35,2546473
1957,36,2533176
1957,37,2476432
1957,38,2358489
1957,39,2353961
1957,40,2329121
1957,41,2291428
1957,42,2249872
1957,43,2234056
1957,44,2223462
1957,45,2171200
1957,46,2117289
1957,47,2105965
1957,48,2088827
1957,49,2009895
1957,50,1930233
1957,51,1877070
1957,52,1814963
1957,53,1761836
1957,54,1702245
1957,55,1644532
1957,56,1639945
1957,57,1614360
1957,58,1579415
1957,59,1508629
1957,60,1466903
1957,61,1442808
1957,62,1407798
1957,63,1369323
1957,64,1338209
1957,65,1288341
1957,66,1217874
1957,67,1182606
1957,68,1144535
1957,69,1090995
1957,70,1007696
1957,71,942004
1957,72,883994
1957,73,823290
1957,74,738330
1957,75,672569
1957,76,604925
1957,77,547425
1957,78,485321
1957,79,440604
1957,80,391499
1957,81,351548
1957,82,293837
1957,83,243699
1957,84,199435
1957,85,837293
1958,0,4073113
1958,1,4081641
1958,2,3955569
1958,3,3911814
1958,4,3864465
1958,5,3776286
1958,6,3670427
1958,7,3608923
1958,8,3439532
1958,9,3445744
1958,10,3473006
1958,11,3749985
1958,12,2731853
1958,13,2754957
1958,14,2836085
1958,15,2957721
1958,16,2576464
1958,17,2415841
1958,18,2306640
1958,19,2244557
1958,20,2218649
1958,21,2137506
1958,22,2128631
1958,23,2190431
1958,24,2080581
1958,25,2089151
1958,26,2216196
1958,27,2335664
1958,28,2327219
1958,29,2303935
1958,30,2388297
1958,31,2429780
1958,32,2413401
1958,33,2503250
1958,34,2531425
1958,35,2468902
1958,36,2564641
1958,37,2571791
1958,38,2405883
1958,39,2340678
1958,40,2368515
1958,41,2330882
1958,42,2252125
1958,43,2250438
1958,44,2244353
1958,45,2214636
1958,46,2160534
1958,47,2109794
1958,48,2110924
1958,49,2060911
1958,50,1970024
1958,51,1903914
1958,52,1859706
1958,53,1792438
1958,54,1744354
1958,55,1704180
1958,56,1633094
1958,57,1636568
1958,58,1628208
1958,59,1533905
1958,60,1465009
1958,61,1446114
1958,62,1421798
1958,63,1372692
1958,64,1340078
1958,65,1320412
1958,66,1266948
1958,67,1188273
1958,68,1154064
1958,69,1125536
1958,70,1038546
1958,71,955589
1958,72,902398
1958,73,849766
1958,74,774993
1958,75,693623
1958,76,629920
1958,77,569887
1958,78,505659
1958,79,446987
1958,80,400988
1958,81,354724
1958,82,305632
1958,83,254028
1958,84,203622
1958,85,864481
1959,0,4097383
1959,1,4103414
1959,2,4092616
1959,3,3947785
1959,4,3933920
1959,5,3877965
1959,6,3764441
1959,7,3697523
1959,8,3569753
1959,9,3434413
1959,10,3478283
1959,11,3482375
1959,12,3758204
1959,13,2703780
1959,14,2797368
1959,15,2804400
1959,16,2919823
1959,17,2586987
1959,18,2431016
1959,19,2276715
1959,20,2247873
1959,21,2233988
1959,22,2137920
1959,23,2166724
1959,24,2182455
1959,25,2062600
1959,26,2137130
1959,27,2244217
1959,28,2304454
1959,29,2298561
1959,30,2314904
1959,31,2424507
1959,32,2405564
1959,33,2452018
1959,34,2524791
1959,35,2505462
1959,36,2486313
1959,37,2609363
1959,38,2487881
1959,39,2389131
1959,40,2366032
1959,41,2372830
1959,42,2286160
1959,43,2254757
1959,44,2264838
1959,45,2233517
1959,46,2207227
1959,47,2152367
1959,48,2112595
1959,49,2090332
1959,50,2016087
1959,51,1939474
1959,52,1888124
1959,53,1842910
1959,54,1779285
1959,55,1751321
1959,56,1696982
1959,57,1633812
1959,58,1652113
1959,59,1575047
1959,60,1491951
1959,61,1446654
1959,62,1424132
1959,63,1384605
1959,64,1344533
1959,65,1323956
1959,66,1299233
1959,67,1236144
1959,68,1164286
1959,69,1139912
1959,70,1074172
1959,71,987571
1959,72,921036
1959,73,870230
1959,74,801837
1959,75,728589
1959,76,650616
1959,77,596116
1959,78,526970
1959,79,467184
1959,80,407389
1959,81,364053
1959,82,308239
1959,83,265630
1959,84,213541
1959,85,901219
1960,0,4093802
1960,1,4104163
1960,2,4080463
1960,3,4077609
1960,4,3985212
1960,5,3958677
1960,6,3852247
1960,7,3797917
1960,8,3635589
1960,9,3565587
1960,10,3473252
1960,11,3489877
1960,12,3491706
1960,13,3700245
1960,14,2770401
1960,15,2759342
1960,16,2750756
1960,17,2938626
1960,18,2612578
1960,19,2380875
1960,20,2295794
1960,21,2265728
1960,22,2238646
1960,23,2174395
1960,24,2159614
1960,25,2165795
1960,26,2111395
1960,27,2163619
1960,28,2224932
1960,29,2269886
1960,30,2310669
1960,31,2355860
1960,32,2403565
1960,33,2441333
1960,34,2471476
1960,35,2497353
1960,36,2523550
1960,37,2533543
1960,38,2514885
1960,39,2473141
1960,40,2424758
1960,41,2370496
1960,42,2321952
1960,43,2290300
1960,44,2271385
1960,45,2250666
1960,46,2227858
1960,47,2195145
1960,48,2148220
1960,49,2092119
1960,50,2036229
1960,51,1977497
1960,52,1926119
1960,53,1882850
1960,54,1841419
1960,55,1795689
1960,56,1751551
1960,57,1700406
1960,58,1641590
1960,59,1581662
1960,60,1525828
1960,61,1467415
1960,62,1417997
1960,63,1383905
1960,64,1358968
1960,65,1331942
1960,66,1304419
1960,67,1269656
1960,68,1218968
1960,69,1155127
1960,70,1089339
1960,71,1023577
1960,72,955657
1960,73,886757
1960,74,818031
1960,75,749616
1960,76,681648
1960,77,614477
1960,78,548964
1960,79,485738
1960,80,425557
1960,81,368485
1960,82,315562
1960,83,267285
1960,84,224172
1960,85,940054
1961,0,4172988
1961,1,4084896
1961,2,4057693
1961,3,4080156
1961,4,4126537
1961,5,3998349
1961,6,3925679
1961,7,3890068
1961,8,3726338
1961,9,3655512
1961,10,3614497
1961,11,3476571
1961,12,3495250
1961,13,3434732
1961,14,3814413
1961,15,2734077
1961,16,2721876
1961,17,2781674
1961,18,2975853
1961,19,2545669
1961,20,2452277
1961,21,2315777
1961,22,2276632
1961,23,2246879
1961,24,2191006
1961,25,2170374
1961,26,2172236
1961,27,2121018
1961,28,2172992
1961,29,2233120
1961,30,2292994
1961,31,2313524
1961,32,2361971
1961,33,2404988
1961,34,2448385
1961,35,2475014
1961,36,2499150
1961,37,2523272
1961,38,2531451
1961,39,2511597
1961,40,2468852
1961,41,2419281
1961,42,2364895
1961,43,2316082
1961,44,2282829
1961,45,2262392
1961,46,2242108
1961,47,2210739
1961,48,2167263
1961,49,2116663
1961,50,2065078
1961,51,2007327
1961,52,1965612
1961,53,1936516
1961,54,1901801
1961,55,1851867
1961,56,1802980
1961,57,1739316
1961,58,1662232
1961,59,1590101
1961,60,1534453
1961,61,1478537
1961,62,1428861
1961,63,1392847
1961,64,1366154
1961,65,1339135
1961,66,1308975
1961,67,1280469
1961,68,1242949
1961,69,1188701
1961,70,1121903
1961,71,1054360
1961,72,983727
1961,73,910453
1961,74,838437
1961,75,769465
1961,76,701945
1961,77,634491
1961,78,568310
1961,79,504365
1961,80,443979
1961,81,385537
1961,82,331045
1961,83,281045
1961,84,235686
1961,85,964233
1962,0,4083751
1962,1,4160703
1962,2,4034016
1962,3,4060410
1962,4,4129913
1962,5,4137071
1962,6,3971329
1962,7,3962111
1962,8,3820035
1962,9,3750578
1962,10,3717727
1962,11,3606125
1962,12,3485569
1962,13,3446619
1962,14,3537894
1962,15,3769670
1962,16,2700044
1962,17,2751782
1962,18,2816416
1962,19,2912447
1962,20,2620396
1962,21,2464576
1962,22,2322896
1962,23,2281132
1962,24,2270117
1962,25,2197507
1962,26,2171778
1962,27,2182297
1962,28,2127996
1962,29,2177651
1962,30,2265719
1962,31,2280054
1962,32,2317585
1962,33,2358428
1962,34,2415151
1962,35,2449621
1962,36,2475642
1962,37,2498551
1962,38,2521431
1962,39,2528331
1962,40,2506986
1962,41,2462691
1962,42,2412210
1962,43,2356871
1962,44,2306453
1962,45,2272120
1962,46,2252143
1962,47,2224855
1962,48,2184752
1962,49,2138487
1962,50,2091873
1962,51,2038684
1962,52,1995779
1962,53,1973331
1962,54,1951592
1962,55,1909268
1962,56,1856471
1962,57,1789519
1962,58,1702118
1962,59,1613346
1962,60,1545564
1962,61,1489646
1962,62,1442477
1962,63,1405947
1962,64,1376882
1962,65,1347530
1962,66,1317006
1962,67,1284509
1962,68,1251866
1962,69,1210170
1962,70,1153063
1962,71,1084817
1962,72,1012356
1962,73,936221
1962,74,859634
1962,75,787457
1962,76,719204
1962,77,652199
1962,78,585788
1962,79,521276
1962,80,460568
1962,81,401800
1962,82,346133
1962,83,294796
1962,84,248012
1962,85,982198
1963,0,4012510
1963,1,4071602
1963,2,4105855
1963,3,4040638
1963,4,4110926
1963,5,4137064
1963,6,4114451
1963,7,4004689
1963,8,3892608
1963,9,3847088
1963,10,3825073
1963,11,3695383
1963,12,3617270
1963,13,3444174
1963,14,3545889
1963,15,3501539
1963,16,3724202
1963,17,2728595
1963,18,2785555
1963,19,2769149
1963,20,2993742
1963,21,2622269
1963,22,2465430
1963,23,2321819
1963,24,2310253
1963,25,2272391
1963,26,2195043
1963,27,2184246
1963,28,2190051
1963,29,2132221
1963,30,2222398
1963,31,2241035
1963,32,2285911
1963,33,2312604
1963,34,2374082
1963,35,2415506
1963,36,2449378
1963,37,2474073
1963,38,2496093
1963,39,2518130
1963,40,2523791
1963,41,2501247
1963,42,2455815
1963,43,2403801
1963,44,2346512
1963,45,2294990
1963,46,2260709
1963,47,2234924
1963,48,2200770
1963,49,2158820
1963,50,2116081
1963,51,2068191
1963,52,2027582
1963,53,2000456
1963,54,1983376
1963,55,1954413
1963,56,1909068
1963,57,1839258
1963,58,1750475
1963,59,1652735
1963,60,1568398
1963,61,1500230
1963,62,1453083
1963,63,1419014
1963,64,1389467
1963,65,1357847
1963,66,1325285
1963,67,1291689
1963,68,1253728
1963,69,1216024
1963,70,1171256
1963,71,1112758
1963,72,1039311
1963,73,961163
1963,74,881718
1963,75,805334
1963,76,733920
1963,77,666380
1963,78,600660
1963,79,536172
1963,80,475454
1963,81,416316
1963,82,360573
1963,83,308280
1963,84,260371
1963,85,1003418
1964,0,3946853
1964,1,3998118
1964,2,4013585
1964,3,4115310
1964,4,4090999
1964,5,4114053
1964,6,4119428
1964,7,4144687
1964,8,3935856
1964,9,3921848
1964,10,3933774
1964,11,3786885
1964,12,3707388
1964,13,3580494
1964,14,3538419
1964,15,3513943
1964,16,3462482
1964,17,3758932
1964,18,2762842
1964,19,2752014
1964,20,2846740
1964,21,2984824
1964,22,2618388
1964,23,2460044
1964,24,2358554
1964,25,2308915
1964,26,2265698
1964,27,2209452
1964,28,2191294
1964,29,2192610
1964,30,2187051
1964,31,2184852
1964,32,2246695
1964,33,2277689
1964,34,2332045
1964,35,2372325
1964,36,2413578
1964,37,2446394
1964,38,2470780
1964,39,2492463
1964,40,2513549
1964,41,2518435
1964,42,2494560
1964,43,2446979
1964,44,2392579
1964,45,2334084
1964,46,2282131
1964,47,2243234
1964,48,2212608
1964,49,2177806
1964,50,2139217
1964,51,2095845
1964,52,2058466
1964,53,2030287
1964,54,2006453
1964,55,1982543
1964,56,1950542
1964,57,1889533
1964,58,1800029
1964,59,1702226
1964,60,1608903
1964,61,1524071
1964,62,1464853
1964,63,1430865
1964,64,1403994
1964,65,1372266
1964,66,1338071
1964,67,1301962
1964,68,1261738
1964,69,1217757
1964,70,1176674
1964,71,1130510
1964,72,1066546
1964,73,987329
1964,74,906079
1964,75,827423
1964,76,752004
1964,77,681637
1964,78,615677
1964,79,552115
1964,80,491897
1964,81,432481
1964,82,376307
1964,83,323724
1964,84,274479
1964,85,1040022
1965,0,3770049
1965,1,3928418
1965,2,3935365
1965,3,4024448
1965,4,4165561
1965,5,4089460
1965,6,4101067
1965,7,4145207
1965,8,4074807
1965,9,3967031
1965,10,4020780
1965,11,3878958
1965,12,3800029
1965,13,3676247
1965,14,3672861
1965,15,3510524
1965,16,3476677
1965,17,3493366
1965,18,3804349
1965,19,2741815
1965,20,2828397
1965,21,2829293
1965,22,2974287
1965,23,2608334
1965,24,2506128
1965,25,2353320
1965,26,2297761
1965,27,2281873
1965,28,2215580
1965,29,2191676
1965,30,2260151
1965,31,2137036
1965,32,2190392
1965,33,2235678
1965,34,2301530
1965,35,2329048
1965,36,2369898
1965,37,2410563
1965,38,2443529
1965,39,2467646
1965,40,2488120
1965,41,2508284
1965,42,2511192
1965,43,2484440
1965,44,2434326
1965,45,2379012
1965,46,2319988
1965,47,2264928
1965,48,2223279
1965,49,2192928
1965,50,2160922
1965,51,2121977
1965,52,2086683
1965,53,2058183
1965,54,2031279
1965,55,2001015
1965,56,1974040
1965,57,1927957
1965,58,1849577
1965,59,1752428
1965,60,1658851
1965,61,1564762
1965,62,1489103
1965,63,1442985
1965,64,1416172
1965,65,1387207
1965,66,1353251
1965,67,1314860
1965,68,1270969
1965,69,1224004
1965,70,1176625
1965,71,1134421
1965,72,1082762
1965,73,1012772
1965,74,930126
1965,75,849660
1965,76,771665
1965,77,697251
1965,78,628482
1965,79,564733
1965,80,505885
1965,81,446842
1965,82,390716
1965,83,338150
1965,84,289252
1965,85,1081760
1966,0,3555346
1966,1,3754179
1966,2,3866725
1966,3,3953247
1966,4,4078477
1966,5,4164778
1966,6,4086431
1966,7,4127481
1966,8,4081690
1966,9,4113116
1966,10,4082146
1966,11,3952738
1966,12,3896753
1966,13,3777761
1966,14,3768291
1966,15,3650609
1966,16,3477928
1966,17,3507925
1966,18,3535518
1966,19,3789819
1966,20,2816582
1966,21,2800665
1966,22,2813697
1966,23,2955441
1966,24,2664034
1966,25,2496628
1966,26,2339109
1966,27,2318338
1966,28,2290407
1966,29,2217275
1966,30,2273628
1966,31,2198383
1966,32,2145554
1966,33,2179608
1966,34,2266239
1966,35,2299308
1966,36,2327682
1966,37,2367995
1966,38,2409227
1966,39,2442344
1966,40,2465450
1966,41,2485314
1966,42,2503209
1966,43,2502460
1966,44,2472528
1966,45,2421211
1966,46,2364671
1966,47,2303584
1966,48,2247692
1966,49,2207371
1966,50,2179413
1966,51,2147484
1966,52,2114281
1966,53,2084320
1966,54,2055086
1966,55,2022247
1966,56,1988847
1966,57,1949482
1966,58,1888550
1966,59,1803853
1966,60,1710650
1966,61,1615843
1966,62,1531088
1966,63,1468413
1966,64,1429058
1966,65,1399910
1966,66,1368739
1966,67,1329669
1966,68,1282238
1966,69,1230866
1966,70,1180517
1966,71,1132308
1966,72,1084674
1966,73,1026983
1966,74,953532
1966,75,872070
1966,76,792291
1966,77,715539
1966,78,643002
1966,79,576689
1966,80,518162
1966,81,460261
1966,82,404604
1966,83,352128
1966,84,303252
1966,85,1127697
1967,0,3450000
1967,1,3535546
1967,2,3688418
1967,3,3884351
1967,4,4004194
1967,5,4072240
1967,6,4165426
1967,7,4107922
1967,8,4065534
1967,9,4121978
1967,10,4243904
1967,11,3998066
1967,12,3972967
1967,13,3881399
1967,14,3866498
1967,15,3748478
1967,16,3616414
1967,17,3503826
1967,18,3544889
1967,19,3534168
1967,20,3882941
1967,21,2776018
1967,22,2777109
1967,23,2788578
1967,24,3023227
1967,25,2646286
1967,26,2473980
1967,27,2359639
1967,28,2324541
1967,29,2288828
1967,30,2310986
1967,31,2197971
1967,32,2207215
1967,33,2132456
1967,34,2214306
1967,35,2262957
1967,36,2297497
1967,37,2325766
1967,38,2367327
1967,39,2409301
1967,40,2441744
1967,41,2464690
1967,42,2482104
1967,43,2495653
1967,44,2491117
1967,45,2459682
1967,46,2406418
1967,47,2348920
1967,48,2289115
1967,49,2235902
1967,50,2197883
1967,51,2170768
1967,52,2142441
1967,53,2110896
1967,54,2077792
1967,55,2042681
1967,56,2006225
1967,57,1961818
1967,58,1910264
1967,59,1844667
1967,60,1763861
1967,61,1669258
1967,62,1584234
1967,63,1512742
1967,64,1456619
1967,65,1414629
1967,66,1383451
1967,67,1346416
1967,68,1297144
1967,69,1241462
1967,70,1186609
1967,71,1135613
1967,72,1081946
1967,73,1028250
1967,74,966960
1967,75,894893
1967,76,814050
1967,77,735659
1967,78,660983
1967,79,591131
1967,80,530576
1967,81,472767
1967,82,418377
1967,83,366464
1967,84,317793
1967,85,1186242
1968,0,3366388
1968,1,3430838
1968,2,3471495
1968,3,3709110
1968,4,3935584
1968,5,3995171
1968,6,4078802
1968,7,4183649
1968,8,4048616
1968,9,4108108
1968,10,4264703
1968,11,4140607
1968,12,4020126
1968,13,3964708
1968,14,3967100
1968,15,3850540
1968,16,3715305
1968,17,3640360
1968,18,3539053
1968,19,3558084
1968,20,3619894
1968,21,3811492
1968,22,2746998
1968,23,2747093
1968,24,2860687
1968,25,2997171
1968,26,2617403
1968,27,2497786
1968,28,2365794
1968,29,2321733
1968,30,2398208
1968,31,2221421
1968,32,2207531
1968,33,2191378
1968,34,2171326
1968,35,2210160
1968,36,2260707
1968,37,2295439
1968,38,2325479
1968,39,2368059
1968,40,2409347
1968,41,2441740
1968,42,2461820
1968,43,2474241
1968,44,2483719
1968,45,2477718
1968,46,2443940
1968,47,2391176
1968,48,2337170
1968,49,2281190
1968,50,2229848
1968,51,2193100
1968,52,2167182
1968,53,2136803
1968,54,2099908
1968,55,2061296
1968,56,2022374
1968,57,1976557
1968,58,1922765
1968,59,1868127
1968,60,1805981
1968,61,1723215
1968,62,1638593
1968,63,1567038
1968,64,1501981
1968,65,1442779
1968,66,1398652
1968,67,1360788
1968,68,1312478
1968,69,1254376
1968,70,1195293
1968,71,1140178
1968,72,1083811
1968,73,1024028
1968,74,966365
1968,75,906225
1968,76,834265
1968,77,754708
1968,78,678393
1968,79,606491
1968,80,542969
1968,81,482999
1968,82,429073
1968,83,378951
1968,84,331616
1968,85,1240679
1969,0,3412562
1969,1,3345777
1969,2,3364853
1969,3,3493737
1969,4,3758584
1969,5,3923088
1969,6,4007178
1969,7,4093268
1969,8,4125569
1969,9,4093622
1969,10,4262865
1969,11,4145705
1969,12,4165280
1969,13,4019792
1969,14,4047383
1969,15,3955996
1969,16,3819366
1969,17,3737682
1969,18,3676105
1969,19,3567070
1969,20,3642408
1969,21,3540175
1969,22,3761493
1969,23,2711237
1969,24,2824480
1969,25,2829895
1969,26,2956788
1969,27,2642288
1969,28,2501601
1969,29,2359906
1969,30,2444035
1969,31,2291001
1969,32,2231047
1969,33,2188598
1969,34,2235511
1969,35,2165933
1969,36,2206835
1969,37,2257746
1969,38,2294773
1969,39,2326226
1969,40,2368232
1969,41,2409687
1969,42,2438891
1969,43,2453350
1969,44,2461378
1969,45,2469363
1969,46,2460507
1969,47,2428585
1969,48,2381535
1969,49,2332481
1969,50,2277866
1969,51,2228111
1969,52,2189984
1969,53,2158263
1969,54,2120393
1969,55,2078471
1969,56,2035956
1969,57,1989460
1969,58,1937145
1969,59,1881960
1969,60,1830333
1969,61,1765604
1969,62,1692902
1969,63,1621868
1969,64,1556698
1969,65,1488120
1969,66,1426484
1969,67,1374516
1969,68,1324240
1969,69,1266546
1969,70,1205143
1969,71,1146136
1969,72,1085805
1969,73,1023647
1969,74,960394
1969,75,904503
1969,76,844551
1969,77,774174
1969,78,697112
1969,79,623926
1969,80,559029
1969,81,495767
1969,82,439600
1969,83,389645
1969,84,343637
1969,85,1307490
1970,0,3508096
1970,1,3401442
1970,2,3295270
1970,3,3406502
1970,4,3554881
1970,5,3756969
1970,6,3946319
1970,7,4019585
1970,8,4032394
1970,9,4164170
1970,10,4263921
1970,11,4138932
1970,12,4175165
1970,13,4174574
1970,14,4100251
1970,15,4043855
1970,16,3931856
1970,17,3847703
1970,18,3781499
1970,19,3728184
1970,20,3653488
1970,21,3556227
1970,22,3494642
1970,23,3716091
1970,24,2781658
1970,25,2802151
1970,26,2804268
1970,27,3000699
1970,28,2641863
1970,29,2487167
1970,30,2487628
1970,31,2320918
1970,32,2305215
1970,33,2218979
1970,34,2254644
1970,35,2225239
1970,36,2184809
1970,37,2222057
1970,38,2230004
1970,39,2292567
1970,40,2422721
1970,41,2363323
1970,42,2397821
1970,43,2392199
1970,44,2418912
1970,45,2465964
1970,46,2433301
1970,47,2415765
1970,48,2448256
1970,49,2387341
1970,50,2427106
1970,51,2299963
1970,52,2199245
1970,53,2130839
1970,54,2108622
1970,55,2105906
1970,56,2050273
1970,57,2010442
1970,58,1942941
1970,59,1896914
1970,60,1912080
1970,61,1791616
1970,62,1732996
1970,63,1640281
1970,64,1598736
1970,65,1550071
1970,66,1475305
1970,67,1408965
1970,68,1287308
1970,69,1304600
1970,70,1271974
1970,71,1146673
1970,72,1056582
1970,73,1013178
1970,74,978334
1970,75,919310
1970,76,839268
1970,77,787600
1970,78,699225
1970,79,625561
1970,80,605554
1970,81,539114
1970,82,445989
1970,83,382693
1970,84,338932
1970,85,1430493
1971,0,3601094
1971,1,3489276
1971,2,3348331
1971,3,3337236
1971,4,3468031
1971,5,3556777
1971,6,3787320
1971,7,3977564
1971,8,3974264
1971,9,4099362
1971,10,4333927
1971,11,4139134
1971,12,4174936
1971,13,4192739
1971,14,4254445
1971,15,4100796
1971,16,4019319
1971,17,3953863
1971,18,3878359
1971,19,3836171
1971,20,3796605
1971,21,3553466
1971,22,3509578
1971,23,3459578
1971,24,3839808
1971,25,2756978
1971,26,2773244
1971,27,2847814
1971,28,3003167
1971,29,2660149
1971,30,2631233
1971,31,2367317
1971,32,2343542
1971,33,2293383
1971,34,2281467
1971,35,2252836
1971,36,2222348
1971,37,2184977
1971,38,2219512
1971,39,2240196
1971,40,2304588
1971,41,2422420
1971,42,2361689
1971,43,2386965
1971,44,2382516
1971,45,2405799
1971,46,2450645
1971,47,2423579
1971,48,2407120
1971,49,2454763
1971,50,2374820
1971,51,2426681
1971,52,2288583
1971,53,2180835
1971,54,2105749
1971,55,2082108
1971,56,2081236
1971,57,2024298
1971,58,1982253
1971,59,1919926
1971,60,1856716
1971,61,1885972
1971,62,1772301
1971,63,1724388
1971,64,1633125
1971,65,1585875
1971,66,1532190
1971,67,1445724
1971,68,1367181
1971,69,1238556
1971,70,1239995
1971,71,1223707
1971,72,1091316
1971,73,1002799
1971,74,956616
1971,75,924315
1971,76,869665
1971,77,791081
1971,78,745950
1971,79,655410
1971,80,579633
1971,81,567154
1971,82,501102
1971,83,409310
1971,84,346871
1971,85,1487010
1972,0,3305565
1972,1,3567411
1972,2,3439449
1972,3,3392093
1972,4,3396835
1972,5,3468940
1972,6,3582479
1972,7,3823954
1972,8,3922524
1972,9,4048928
1972,10,4256429
1972,11,4215705
1972,12,4166881
1972,13,4193163
1972,14,4266512
1972,15,4257060
1972,16,4077625
1972,17,4037981
1972,18,3975748
1972,19,3947500
1972,20,3895789
1972,21,3696985
1972,22,3510975
1972,23,3481136
1972,24,3568208
1972,25,3810706
1972,26,2730854
1972,27,2815750
1972,28,2837491
1972,29,3045673
1972,30,2795484
1972,31,2510244
1972,32,2389361
1972,33,2329854
1972,34,2358520
1972,35,2275416
1972,36,2245082
1972,37,2222773
1972,38,2177719
1972,39,2237432
1972,40,2255241
1972,41,2294800
1972,42,2421323
1972,43,2348590
1972,44,2381131
1972,45,2368042
1972,46,2390643
1972,47,2442225
1972,48,2410240
1972,49,2421471
1972,50,2430489
1972,51,2381271
1972,52,2414096
1972,53,2272102
1972,54,2155553
1972,55,2078269
1972,56,2058659
1972,57,2056295
1972,58,1996197
1972,59,1964521
1972,60,1866721
1972,61,1843374
1972,62,1868900
1972,63,1762498
1972,64,1715315
1972,65,1617903
1972,66,1565388
1972,67,1499968
1972,68,1403814
1972,69,1317163
1972,70,1165820
1972,71,1200090
1972,72,1164701
1972,73,1041074
1972,74,946418
1972,75,902220
1972,76,877299
1972,77,821522
1972,78,751913
1972,79,698374
1972,80,600143
1972,81,545217
1972,82,526766
1972,83,462095
1972,84,369492
1972,85,1542441
1973,0,3128246
1973,1,3262329
1973,2,3522332
1973,3,3485898
1973,4,3452041
1973,5,3396993
1973,6,3491086
1973,7,3623683
1973,8,3761820
1973,9,4005252
1973,10,4194673
1973,11,4149643
1973,12,4236385
1973,13,4186826
1973,14,4262073
1973,15,4273105
1973,16,4236799
1973,17,4095001
1973,18,4052657
1973,19,4061281
1973,20,3998373
1973,21,3797654
1973,22,3655348
1973,23,3487642
1973,24,3582406
1973,25,3547445
1973,26,3774520
1973,27,2771417
1973,28,2792958
1973,29,2899904
1973,30,3177852
1973,31,2673715
1973,32,2531847
1973,33,2373292
1973,34,2396127
1973,35,2347687
1973,36,2262621
1973,37,2245782
1973,38,2210794
1973,39,2203108
1973,40,2256186
1973,41,2236841
1973,42,2294161
1973,43,2406060
1973,44,2346827
1973,45,2365456
1973,46,2353253
1973,47,2383629
1973,48,2424640
1973,49,2433195
1973,50,2386051
1973,51,2445651
1973,52,2367807
1973,53,2400538
1973,54,2246798
1973,55,2127097
1973,56,2055940
1973,57,2034584
1973,58,2027978
1973,59,1983358
1973,60,1897202
1973,61,1865564
1973,62,1827066
1973,63,1859114
1973,64,1750243
1973,65,1698598
1973,66,1594781
1973,67,1530467
1973,68,1458335
1973,69,1353465
1973,70,1232619
1973,71,1134140
1973,72,1139517
1973,73,1119838
1973,74,985307
1973,75,892135
1973,76,857800
1973,77,829257
1973,78,785936
1973,79,700339
1973,80,632789
1973,81,570527
1973,82,501303
1973,83,483987
1973,84,417054
1973,85,1606740
1974,0,3065474
1974,1,3076817
1974,2,3227239
1974,3,3571284
1974,4,3545915
1974,5,3450079
1974,6,3414384
1974,7,3536215
1974,8,3555210
1974,9,3849313
1974,10,4139447
1974,11,4098453
1974,12,4162888
1974,13,4258683
1974,14,4251081
1974,15,4273266
1974,16,4257208
1974,17,4253657
1974,18,4102644
1974,19,4154823
1974,20,4102553
1974,21,3900766
1974,22,3756547
1974,23,3635084
1974,24,3580457
1974,25,3566868
1974,26,3515744
1974,27,3824862
1974,28,2737606
1974,29,2876037
1974,30,3007714
1974,31,3047968
1974,32,2694785
1974,33,2512797
1974,34,2441019
1974,35,2380890
1974,36,2329766
1974,37,2264038
1974,38,2229425
1974,39,2244801
1974,40,2225105
1974,41,2229195
1974,42,2236552
1974,43,2277211
1974,44,2408506
1974,45,2330127
1974,46,2351167
1974,47,2348110
1974,48,2362543
1974,49,2456746
1974,50,2386889
1974,51,2409373
1974,52,2431597
1974,53,2356947
1974,54,2375247
1974,55,2217740
1974,56,2106654
1974,57,2033465
1974,58,2006778
1974,59,2021247
1974,60,1903449
1974,61,1910517
1974,62,1851218
1974,63,1816165
1974,64,1846090
1974,65,1732362
1974,66,1675017
1974,67,1558455
1974,68,1490560
1974,69,1407520
1974,70,1258581
1974,71,1211742
1974,72,1074128
1974,73,1100498
1974,74,1065364
1974,75,932416
1974,76,851913
1974,77,811685
1974,78,798790
1974,79,731586
1974,80,627172
1974,81,611424
1974,82,525655
1974,83,456169
1974,84,434142
1974,85,1706304
1975,0,3152345
1975,1,3005595
1975,2,3051605
1975,3,3276743
1975,4,3635195
1975,5,3545888
1975,6,3467501
1975,7,3467426
1975,8,3463857
1975,9,3649460
1975,10,3972391
1975,11,4056388
1975,12,4106910
1975,13,4189041
1975,14,4321156
1975,15,4268471
1975,16,4263489
1975,17,4274385
1975,18,4255537
1975,19,4222944
1975,20,4187886
1975,21,4007933
1975,22,3862914
1975,23,3742778
1975,24,3725325
1975,25,3572437
1975,26,3538718
1975,27,3564531
1975,28,3762889
1975,29,2841781
1975,30,2966547
1975,31,2893216
1975,32,3070791
1975,33,2673948
1975,34,2586404
1975,35,2422829
1975,36,2359517
1975,37,2333477
1975,38,2244458
1975,39,2273389
1975,40,2272232
1975,41,2191105
1975,42,2230660
1975,43,2218980
1975,44,2284183
1975,45,2391229
1975,46,2317277
1975,47,2348673
1975,48,2324153
1975,49,2403030
1975,50,2399716
1975,51,2419176
1975,52,2395310
1975,53,2424569
1975,54,2333508
1975,55,2346160
1975,56,2200058
1975,57,2086289
1975,58,2006936
1975,59,2006314
1975,60,1928253
1975,61,1931107
1975,62,1899484
1975,63,1839876
1975,64,1800531
1975,65,1827810
1975,66,1707370
1975,67,1636899
1975,68,1519930
1975,69,1440341
1975,70,1300705
1975,71,1248110
1975,72,1149406
1975,73,1038666
1975,74,1047781
1975,75,1013748
1975,76,896927
1975,77,807752
1975,78,785263
1975,79,742366
1975,80,650375
1975,81,612719
1975,82,566180
1975,83,479380
1975,84,403527
1975,85,1821040
1976,0,3115391
1976,1,3079357
1976,2,2986220
1976,3,3100598
1976,4,3335549
1976,5,3634324
1976,6,3560219
1976,7,3526690
1976,8,3387656
1976,9,3562384
1976,10,3756460
1976,11,3900197
1976,12,4055659
1976,13,4132265
1976,14,4243008
1976,15,4340062
1976,16,4259631
1976,17,4275907
1976,18,4265516
1976,19,4393025
1976,20,4243079
1976,21,4093340
1976,22,3970413
1976,23,3852956
1976,24,3826361
1976,25,3721512
1976,26,3545226
1976,27,3585646
1976,28,3490185
1976,29,3931716
1976,30,2912673
1976,31,2860541
1976,32,2914670
1976,33,3043499
1976,34,2753188
1976,35,2562647
1976,36,2396170
1976,37,2363665
1976,38,2308235
1976,39,2296776
1976,40,2304558
1976,41,2228690
1976,42,2192835
1976,43,2211075
1976,44,2229200
1976,45,2266037
1976,46,2378001
1976,47,2315799
1976,48,2320528
1976,49,2371690
1976,50,2335316
1976,51,2440346
1976,52,2403540
1976,53,2390178
1976,54,2400661
1976,55,2303077
1976,56,2329991
1976,57,2179968
1976,58,2059645
1976,59,2011432
1976,60,1901134
1976,61,1970410
1976,62,1921812
1976,63,1887693
1976,64,1820831
1976,65,1779323
1976,66,1801871
1976,67,1666707
1976,68,1599695
1976,69,1470385
1976,70,1322033
1976,71,1302736
1976,72,1184467
1976,73,1120924
1976,74,988452
1976,75,996921
1976,76,985573
1976,77,853527
1976,78,783383
1976,79,725770
1976,80,651460
1976,81,643468
1976,82,565230
1976,83,517210
1976,84,422671
1976,85,1896295
1977,0,3278804
1977,1,3031462
1977,2,3063419
1977,3,3034854
1977,4,3155120
1977,5,3333554
1977,6,3644207
1977,7,3625593
1977,8,3435855
1977,9,3490526
1977,10,3656833
1977,11,3695735
1977,12,3891370
1977,13,4081028
1977,14,4178966
1977,15,4264166
1977,16,4333169
1977,17,4268477
1977,18,4257434
1977,19,4417073
1977,20,4400497
1977,21,4149501
1977,22,4056115
1977,23,3964026
1977,24,3929083
1977,25,3826800
1977,26,3693845
1977,27,3589831
1977,28,3494422
1977,29,3672595
1977,30,4000734
1977,31,2815514
1977,32,2880847
1977,33,2887476
1977,34,3136162
1977,35,2722642
1977,36,2528601
1977,37,2400270
1977,38,2332394
1977,39,2369817
1977,40,2331327
1977,41,2251042
1977,42,2230600
1977,43,2171159
1977,44,2224619
1977,45,2209811
1977,46,2253199
1977,47,2377766
1977,48,2284194
1977,49,2376177
1977,50,2294077
1977,51,2383193
1977,52,2424062
1977,53,2401390
1977,54,2366486
1977,55,2369269
1977,56,2287932
1977,57,2310159
1977,58,2154049
1977,59,2070191
1977,60,1893305
1977,61,1955363
1977,62,1963589
1977,63,1909245
1977,64,1866559
1977,65,1798332
1977,66,1751748
1977,67,1758964
1977,68,1631626
1977,69,1549926
1977,70,1340517
1977,71,1335833
1977,72,1236501
1977,73,1162381
1977,74,1072264
1977,75,938830
1977,76,973432
1977,77,944545
1977,78,834999
1977,79,723205
1977,80,628694
1977,81,652138
1977,82,594765
1977,83,515163
1977,84,456302
1977,85,1991680
1978,0,3326388
1978,1,3178511
1978,2,3022264
1978,3,3117040
1978,4,3090801
1978,5,3156246
1978,6,3343315
1978,7,3721084
1978,8,3527457
1978,9,3551925
1978,10,3578599
1978,11,3609470
1978,12,3684367
1978,13,3921073
1978,14,4126053
1978,15,4208291
1978,16,4266046
1978,17,4345269
1978,18,4247327
1978,19,4429193
1978,20,4417809
1978,21,4312079
1978,22,4118791
1978,23,4059239
1978,24,4038042
1978,25,3939843
1978,26,3804556
1978,27,3742779
1978,28,3487909
1978,29,3707919
1978,30,3720727
1978,31,3881900
1978,32,2839749
1978,33,2858221
1978,34,2979500
1978,35,3100910
1978,36,2685064
1978,37,2537539
1978,38,2366745
1978,39,2406607
1978,40,2412529
1978,41,2271342
1978,42,2256218
1978,43,2209173
1978,44,2190694
1978,45,2206330
1978,46,2200002
1978,47,2256874
1978,48,2345248
1978,49,2349475
1978,50,2289787
1978,51,2351038
1978,52,2368039
1978,53,2426806
1978,54,2380002
1978,55,2336478
1978,56,2357458
1978,57,2271458
1978,58,2287211
1978,59,2172836
1978,60,1937220
1978,61,1961844
1978,62,1950836
1978,63,1951261
1978,64,1885688
1978,65,1842735
1978,66,1768230
1978,67,1706417
1978,68,1726241
1978,69,1581887
1978,70,1403978
1978,71,1364772
1978,72,1266367
1978,73,1221003
1978,74,1113647
1978,75,1021824
1978,76,911426
1978,77,931770
1978,78,935241
1978,79,770914
1978,80,617301
1978,81,632018
1978,82,600711
1978,83,540861
1978,84,449750
1978,85,2094958
1979,0,3426309
1979,1,3211427
1979,2,3173548
1979,3,3077017
1979,4,3174581
1979,5,3092294
1979,6,3163905
1979,7,3421248
1979,8,3613454
1979,9,3655724
1979,10,3634230
1979,11,3541822
1979,12,3593400
1979,13,3715376
1979,14,3960321
1979,15,4159794
1979,16,4214501
1979,17,4276495
1979,18,4316231
1979,19,4434889
1979,20,4419481
1979,21,4334896
1979,22,4284816
1979,23,4129391
1979,24,4127989
1979,25,4056482
1979,26,3919839
1979,27,3853208
1979,28,3621118
1979,29,3727046
1979,30,3733982
1979,31,3619819
1979,32,3907187
1979,33,2815685
1979,34,2948258
1979,35,2941406
1979,36,3050832
1979,37,2695152
1979,38,2496870
1979,39,2451245
1979,40,2454323
1979,41,2342000
1979,42,2277691
1979,43,2233036
1979,44,2233444
1979,45,2171900
1979,46,2196871
1979,47,2205236
1979,48,2222041
1979,49,2421037
1979,50,2253574
1979,51,2355872
1979,52,2335726
1979,53,2373821
1979,54,2405947
1979,55,2349711
1979,56,2327033
1979,57,2342711
1979,58,2247848
1979,59,2314488
1979,60,2020358
1979,61,2022892
1979,62,1959688
1979,63,1937597
1979,64,1925630
1979,65,1860719
1979,66,1811718
1979,67,1722200
1979,68,1675949
1979,69,1674541
1979,70,1423281
1979,71,1444508
1979,72,1293962
1979,73,1257794
1979,74,1173380
1979,75,1064334
1979,76,1001631
1979,77,871161
1979,78,926320
1979,79,860125
1979,80,653467
1979,81,625233
1979,82,580415
1979,83,545463
1979,84,470622
1979,85,2196921
